timestep,contact_angle
0,7.411882526434822
0,34.69438459891288
